,artist,album,units_sold,month,year
0,The Midnight Echoes,Neon Dreams,1200.0,May,2023
1,Electric Dreams,Synthwave Memories,850.0,March,2022
2,Soulful Strings,Harmony in Blue,1500.0,July,2023
3,Urban Beats,City Pulse,980.0,January,2021
4,Pop Vortex,Dancing in the Light,2450.0,September,2023
5,Rock Rebellion,Wildfire,670.0,November,2022
6,Jazz Legends,Midnight Serenade,1340.0,April,2023
7,Electronic Pulse,Digital Reverie,1900.0,June,2021
8,Country Roads,Golden Trails,780.0,February,2023
9,Hip-Hop Haven,Streetlights,2100.0,October,2022
10,Indie Flames,Echoes of Tomorrow,1450.0,December,2023
11,Funk Revival,Groove Machine,920.0,August,2021
12,Retro Vibes,Vintage Nights,1750.0,March,2023
13,Soulful Grooves,Warmth of the Soul,1100.0,May,2022
14,Alternative Echoes,Fading Light,2300.0,July,2023
15,Pop Symphony,Melody of the Stars,1850.0,January,2021
16,Rock Legends,Eternal Fire,690.0,April,2023
17,Electronic Dreams,Cyber Skyline,2500.0,June,2022
18,Country Hearts,Heartland Songs,810.0,September,2023
19,Hip-Hop Beats,Urban Echoes,2200.0,November,2021
20,Indie Legends,Timeless Melodies,1650.0,December,2023
21,Funk Fusion,Rhythm Revolution,930.0,February,2022
22,Jazz Fusion,Modern Grooves,1400.0,October,2023
23,Pop Rockers,Electric Hearts,2050.0,August,2021
24,Electronic Pulse,Neon Waves,1980.0,March,2023
25,The Midnight Echoes,Echoes of the Night,320.0,January,2023
26,Electric Dreams,Dreams Unbound,450.0,February,2023
27,Neon Pulse,Pulse of the Future,180.0,March,2023
28,Shadow Valley,Whispers in the Dark,275.0,April,2023
29,Crystal Waves,Oceanic Rhythms,190.0,May,2023
30,Solar Flare,Radiant Horizons,410.0,June,2023
31,Velvet Skies,Celestial Vibes,260.0,July,2023
32,Ghost Train,Midnight Express,340.0,August,2023
33,Starlight Reverie,Galactic Dreams,150.0,September,2023
34,Thunderbolt,Stormchaser,480.0,October,2023
35,Sapphire Strings,Melodic Spires,210.0,November,2023
36,Midnight Rhythms,Nocturnal Beats,370.0,December,2023
37,Echoes of Time,Temporal Tides,145.0,January,2023
38,Urban Beats,City Pulse,290.0,February,2023
39,Harmony Lane,Melody Lane,310.0,March,2023
40,Rock Republic,Power Chords,420.0,April,2023
41,Blue Horizon,Horizon Lines,195.0,May,2023
42,Electric Phoenix,Rebirth Frequencies,380.0,June,2023
43,Deep Sea Tunes,Marine Melodies,245.0,July,2023
44,Cosmic Vibes,Stellar Sounds,170.0,August,2023
45,Sapphire Skyline,Skyward Tunes,285.0,September,2023
46,Midnight Groove,Nightfall Beats,350.0,October,2023
47,Echo Valley,Mountain Echoes,160.0,November,2023
48,Neon Shadows,Dark Pulse,400.0,December,2023
49,Starlight Dreams,Galactic Reverie,185.0,January,2023
50,The Midnight Echoes,Echoes in the Dark,200.0,May,2023
51,Electric Pulse,Neon Dreams,350.0,April,2022
52,Soul Reverie,Urban Legends,180.0,June,2023
53,Jazz Horizon,City Lights,420.0,March,2021
54,Urban Beat,Rhythm & Soul,280.0,July,2023
55,Rock Fusion,Fire and Ice,310.0,February,2022
56,Pop Vortex,Starlight,450.0,September,2023
57,Electronic Dreams,Digital Pulse,190.0,November,2021
58,Blues Archive,Midnight Sessions,270.0,August,2023
59,Country Harmony,Golden Trails,340.0,October,2022
60,Metal Thunder,Thunderstorm,290.0,December,2023
61,Hip Hop Syndicate,Street Beats,410.0,January,2021
62,Folk Echoes,Woodland Songs,260.0,April,2023
63,Synthwave Revival,Neon Nights,380.0,June,2022
64,Reggae Vibes,Island Rhythms,170.0,September,2023
65,Indie Collective,Creative Chaos,390.0,March,2021
66,Psychedelic Waves,Mind Expansion,240.0,July,2023
67,Rock Legends,Legacy of Rock,400.0,November,2022
68,Pop Sensation,Melody Mania,360.0,December,2023
69,Electronic Beats,Cyber Pulse,250.0,February,2021
70,Jazz Fusion,Modern Grooves,220.0,August,2023
71,Alternative Sounds,Echoes of Tomorrow,370.0,October,2022
72,Country Rockers,Dusty Trails,195.0,January,2023
73,Soulful Vibes,Harmony in Motion,430.0,May,2021
74,Electronic Dreams,Digital Odyssey,305.0,April,2023
75,Eli Johnson,Neon Dreams,300.0,June,2023
76,Maya Lee,Echoes of the Soul,450.0,April,2023
77,Jaden Cole,Urban Beats,280.0,March,2023
78,Zoey Hart,Midnight Vibes,520.0,July,2023
79,Leo Ruiz,Rock Chronicles,190.0,February,2023
80,Sophia Kim,Starlight Sessions,600.0,August,2023
81,Derek Moore,Electric Pulse,410.0,September,2023
82,Ava Tran,Soulful Journey,370.0,November,2023
83,Ethan Park,Digital Echoes,250.0,January,2023
84,Nina Reyes,Oceanic Rhythms,580.0,December,2023
85,Morgan Lee,City Lights,490.0,October,2023
86,Jacob White,Modern Grooves,330.0,May,2023
87,Lila Nguyen,Golden Hour,210.0,June,2022
88,Owen Carter,Dark Matter,540.0,July,2022
89,Zoey Chen,Futuristic Beats,390.0,August,2022
90,Taylor Mitchell,Sonic Waves,470.0,September,2022
91,Riley Adams,Nightfall Melodies,290.0,October,2022
92,Clara Bennett,Urban Symphony,510.0,November,2022
93,Noah Green,Retro Vibes,360.0,December,2022
94,Ava Kim,Crystal Sounds,430.0,January,2024
95,Eliana Smith,Horizon Tunes,270.0,February,2024
96,Jordan Lee,Quantum Beats,560.0,March,2024
97,Sophia Davis,Solar Flares,380.0,April,2024
98,Mason Taylor,Celestial Drift,400.0,May,2024
99,Isabella Wilson,Galactic Rhythms,260.0,June,2024
100,The Midnight Echoes,Neon Horizons,300.0,January,2023
101,Electric Dreams,Urban Pulse,450.0,February,2023
102,Sonic Rebellion,Digital Shadows,280.0,March,2023
103,Crystal Visions,Celestial Vibes,520.0,April,2023
104,The Rhythm Collective,Syncopated Souls,190.0,May,2023
105,Echoes of Tomorrow,Timeless Echoes,410.0,June,2023
106,Velvet Waves,Coastal Rhythms,370.0,July,2023
107,Neon Pulse,Electric Dreams,600.0,August,2023
108,The Midnight Echoes,Echoes of the Past,250.0,September,2023
109,Sonic Rebellion,Rebels in Rhythm,480.0,October,2023
110,Crystal Visions,Stellar Sounds,390.0,November,2023
111,The Rhythm Collective,Synced Souls,210.0,December,2023
112,Echoes of Tomorrow,Future Echoes,540.0,January,2024
113,Velvet Waves,Harmonic Tides,360.0,February,2024
114,Neon Pulse,Pulse of the City,620.0,March,2024
115,The Midnight Echoes,Midnight Reverie,290.0,April,2024
116,Electric Dreams,Dreamscape,430.0,May,2024
117,Sonic Rebellion,Rebellion Rhythms,510.0,June,2024
118,Crystal Visions,Cosmic Beats,380.0,July,2024
119,The Rhythm Collective,Rhythms of the World,270.0,August,2024
120,Echoes of Tomorrow,Tomorrow's Echo,500.0,September,2024
121,Velvet Waves,Waves of Velvet,350.0,October,2024
122,Neon Pulse,Pulsewave,610.0,November,2024
123,The Midnight Echoes,Echoes of the Night,320.0,December,2024
124,Electric Dreams,Dreamland,470.0,January,2025
125,The Midnight Echoes,Neon Lights,1200.0,January,2023
126,Electric Dreams,Echoes of the Past,980.0,February,2023
127,Synth Wave,Digital Vortex,1500.0,March,2023
128,Urban Beat,City Pulse,760.0,April,2023
129,Retro Vibes,Vintage Sounds,1100.0,May,2023
130,The Midnight Echoes,Shadow Lines,890.0,June,2023
131,Electric Dreams,Starlight,1350.0,July,2023
132,Synth Wave,Cyber Dreams,670.0,August,2023
133,Urban Beat,Rhythm City,1420.0,September,2023
134,Retro Vibes,Golden Era,950.0,October,2023
135,The Midnight Echoes,Midnight Roads,1020.0,November,2023
136,Electric Dreams,Galaxy Sounds,840.0,December,2023
137,Synth Wave,Neon Echoes,1650.0,January,2022
138,Urban Beat,City Beats,980.0,February,2022
139,Retro Vibes,Retro Waves,1150.0,March,2022
140,The Midnight Echoes,Echoes of Time,790.0,April,2022
141,Electric Dreams,Dreamscape,1400.0,May,2022
142,Synth Wave,Cyber Nights,680.0,June,2022
143,Urban Beat,Beat Street,1320.0,July,2022
144,Retro Vibes,Golden Beats,910.0,August,2022
145,The Midnight Echoes,Nightfall,1050.0,September,2022
146,Electric Dreams,Starlight Reborn,870.0,October,2022
147,Synth Wave,Digital Echoes,,November,2022
148,Urban Beat,City Rhythm,940.0,December,2022
149,Retro Vibes,Vintage Pulse,1210.0,January,2021
150,The Midnight Echoes,Neon Dreams,200.0,May,2023
151,Synthwave Collective,Cyber Waves,180.0,June,2023
152,Rhythm Rebels,Urban Beats,250.0,July,2023
153,Echoes of Tomorrow,Starlight Reverie,150.0,August,2023
154,Beat Visions,Digital Pulse,300.0,September,2023
155,The Midnight Echoes,Electric Pulse,170.0,October,2023
156,Synthwave Collective,Neon Reverie,220.0,November,2023
157,Rhythm Rebels,City Rhythms,280.0,December,2023
158,Echoes of Tomorrow,Galactic Echoes,190.0,January,2024
159,Beat Visions,Synthwave Dreams,310.0,February,2024
160,The Midnight Echoes,Midnight Vibes,240.0,March,2024
161,Synthwave Collective,Cyber Pulse,160.0,April,2024
162,Rhythm Rebels,Urban Echoes,270.0,May,2024
163,Echoes of Tomorrow,Solar Flare,180.0,June,2024
164,Beat Visions,Digital Dreams,330.0,July,2024
165,The Midnight Echoes,Echoes of the Past,210.0,August,2024
166,Synthwave Collective,Neon Nights,290.0,September,2024
167,Rhythm Rebels,Beat Revolution,150.0,October,2024
168,Echoes of Tomorrow,Starlight Echoes,320.0,November,2024
169,Beat Visions,Synthwave Odyssey,190.0,December,2024
170,The Midnight Echoes,Midnight Resonance,260.0,January,2025
171,Synthwave Collective,Cyber Reverie,140.0,February,2025
172,Rhythm Rebels,Urban Pulse,300.0,March,2025
173,Echoes of Tomorrow,Galactic Beats,170.0,April,2025
174,Beat Visions,Digital Reverie,230.0,May,2025
175,OCD Collective,Neon Waves,300.0,January,2023
176,The OCD Band,Digital Pulse,450.0,February,2023
177,Echoes of the Mind,Echo Chamber,180.0,March,2023
178,Midnight Vibes,Urban Beats,250.0,April,2023
179,Synthwave Dreams,Cyber Dreams,400.0,May,2023
180,OCD Collective,Neon Waves,320.0,June,2023
181,The OCD Band,Digital Pulse,410.0,July,2023
182,Echoes of the Mind,Echo Chamber,210.0,August,2023
183,Midnight Vibes,Urban Beats,270.0,September,2023
184,Synthwave Dreams,Cyber Dreams,420.0,October,2023
185,OCD Collective,Neon Waves,350.0,November,2023
186,The OCD Band,Digital Pulse,430.0,December,2023
187,Echoes of the Mind,Echo Chamber,190.0,January,2024
188,Midnight Vibes,Urban Beats,260.0,February,2024
189,Synthwave Dreams,Cyber Dreams,380.0,March,2024
190,OCD Collective,Neon Waves,310.0,April,2024
191,The OCD Band,Digital Pulse,440.0,May,2024
192,Echoes of the Mind,Echo Chamber,220.0,June,2024
193,Midnight Vibes,Urban Beats,280.0,July,2024
194,Synthwave Dreams,Cyber Dreams,410.0,August,2024
195,OCD Collective,Neon Waves,330.0,September,2024
196,The OCD Band,Digital Pulse,460.0,October,2024
197,Echoes of the Mind,Echo Chamber,230.0,November,2024
198,Midnight Vibes,Urban Beats,290.0,December,2024
199,Synthwave Dreams,Cyber Dreams,400.0,January,2025
200,The Velvet Echoes,Echoes of the Past,300.0,May,2023
201,Synthwave Rebels,Neon Dreams,450.0,June,2023
202,Electric Pulse,Thunder Struck,250.0,July,2023
203,Retro Vibes,Golden Era,180.0,August,2023
204,Digital Nomads,Wired Up,500.0,September,2023
205,Midnight Circus,Shadow Play,220.0,October,2023
206,Pixel Parade,Binary Beats,380.0,November,2023
207,Urban Groove,City Pulse,410.0,December,2023
208,Crystal Waves,Luminous,290.0,January,2024
209,Ghost Riff,Specter Sound,150.0,February,2024
210,Crimson Strings,Redemption,370.0,March,2024
211,Skyline Echoes,Horizon Lines,210.0,April,2024
212,Quantum Beat,Parallel Realms,430.0,May,2024
213,Soulful Drift,Whispers of the Wind,190.0,June,2024
214,Fusion Flame,Fire and Ice,360.0,July,2024
215,Echo Valley,Mountain Resonance,270.0,August,2024
216,Neon Pulse,Electric Sky,490.0,September,2024
217,Urban Beat,Concrete Grooves,310.0,October,2024
218,Stellar Sounds,Cosmic Waves,230.0,November,2024
219,Retro Revival,Vintage Vibes,170.0,December,2024
220,Driftwood Band,Coastal Melodies,390.0,January,2025
221,Cyber Pulse,Digital Dreams,470.0,February,2025
222,Midnight Train,Railroad Echoes,280.0,March,2025
223,Aurora Lights,Northern Glow,340.0,April,2025
224,Crimson Tide,Oceanic Rhythms,260.0,May,2025
225,The Midnight Echoes,Sonic Dreams,245.0,January,2023
226,Luna Wave,Neon Lights,189.0,February,2023
227,Echo Valley,Electric Pulse,312.0,March,2023
228,Urban Beat,City Rhythms,405.0,April,2023
229,Solaris Strings,Celestial Tones,156.0,May,2023
230,The Midnight Echoes,Sonic Dreams,287.0,June,2023
231,Luna Wave,Neon Lights,,July,2023
232,Echo Valley,Electric Pulse,298.0,August,2023
233,Urban Beat,City Rhythms,174.0,September,2023
234,Solaris Strings,Celestial Tones,265.0,October,2023
235,The Midnight Echoes,Sonic Dreams,198.0,November,2023
236,Luna Wave,Neon Lights,310.0,December,2023
237,Echo Valley,Electric Pulse,420.0,January,2024
238,Urban Beat,City Rhythms,167.0,February,2024
239,Solaris Strings,Celestial Tones,289.0,March,2024
240,The Midnight Echoes,Sonic Dreams,354.0,April,2024
241,Luna Wave,Neon Lights,182.0,May,2024
242,Echo Valley,Electric Pulse,276.0,June,2024
243,Urban Beat,City Rhythms,391.0,July,2024
244,Solaris Strings,Celestial Tones,148.0,August,2024
245,The Midnight Echoes,Sonic Dreams,235.0,September,2024
246,Luna Wave,Neon Lights,367.0,October,2024
247,Echo Valley,Electric Pulse,195.0,November,2024
248,Urban Beat,City Rhythms,214.0,December,2024
249,Solaris Strings,Celestial Tones,382.0,January,2025
250,The Midnight Echoes,Echoes of the Past,150.0,May,2023
251,Synthwave Dreams,Neon Nights,300.0,June,2022
252,Starlight Rebellion,Galaxy of Fire,250.0,March,2023
253,Driftwood Dreams,Tides of Change,180.0,April,2022
254,Crimson Skies,Skyfall Chronicles,400.0,December,2023
255,Electric Pulse,Voltage Vortex,220.0,July,2021
256,Urban Groove,City Beats,350.0,September,2023
257,Velvet Vortex,Dark Matter,190.0,February,2022
258,Echoes of Silence,Whispers in the Static,275.0,November,2023
259,Quantum Harmony,Particles and Light,140.0,January,2021
260,Nebula Strings,Cosmic Resonance,310.0,August,2023
261,Polaris Rhythm,Northern Lights,245.0,October,2022
262,Frostbite Echoes,Winter Reverie,160.0,December,2021
263,Solar Flare,Heatwave Symphony,380.0,June,2023
264,Midnight Groove,Twilight Vibes,210.0,March,2021
265,Aurora Pulse,Lightning Sky,290.0,July,2022
266,Desert Drifters,Sandstorm Melodies,175.0,April,2023
267,Oceanic Waves,Tides of Eternity,260.0,September,2021
268,Electric Dreams,Neon Reverie,320.0,November,2023
269,Crystal Echoes,Frostbite Symphony,205.0,February,2022
270,Vortex Storms,Thunderous Pulse,185.0,October,2021
271,Galactic Beats,Space Odyssey,340.0,May,2022
272,Shadow Rhythm,Midnight Pulse,280.0,August,2023
273,Lunar Echoes,Moonlight Reverie,195.0,January,2023
274,Quantum Beats,Digital Dreams,230.0,April,2022
275,The Midnight Echoes,Echoes in the Dark,245.0,January,2023
276,Electric Dreams,Dreamscape,189.0,February,2023
277,Soulful Strings,Harmony,312.0,March,2023
278,Neon Lights,Glowing Nights,287.0,April,2023
279,Urban Beats,City Pulse,156.0,May,2023
280,Acoustic Haven,Soft Sounds,402.0,June,2023
281,Rock Revival,Reborn,358.0,July,2023
282,Indie Vibes,Vibe Nation,214.0,August,2023
283,Jazz Fusion,Melody Mosaic,298.0,September,2023
284,Pop Pulse,Beatwave,431.0,October,2023
285,Hip-Hop Harmony,Street Stories,176.0,November,2023
286,Electronic Echo,Digital Dreams,394.0,December,2023
287,Folk Reverie,Wanderlust,128.0,January,2023
288,Country Canvas,Heartland,267.0,February,2023
289,Experimental Sounds,Beyond Limits,412.0,March,2023
290,The Midnight Echoes,Midnight Tales,198.0,April,2023
291,Electric Dreams,Neon Horizons,345.0,May,2023
292,Soulful Strings,Strings of Life,279.0,June,2023
293,Neon Lights,Urban Glow,165.0,July,2023
294,Urban Beats,Street Beats,401.0,August,2023
295,Acoustic Haven,Haven Sounds,328.0,September,2023
296,Rock Revival,Revived,195.0,October,2023
297,Indie Vibes,Vibe Wave,426.0,November,2023
298,Jazz Fusion,Fusion Jazz,289.0,December,2023
299,Pop Pulse,Pulse Pop,164.0,January,2023
300,The Midnight Echoes,Neon Dreams,300.0,May,2023
301,Electric Pulse,Synthwave Reverie,450.0,June,2022
302,Velvet Horizon,Echoes of the City,280.0,March,2023
303,Solar Flare,Stellar Frequencies,520.0,April,2021
304,Urban Reverie,City Lights,370.0,July,2023
305,Quantum Beats,Parallel Realms,,September,2022
306,Crimson Tide,Deep Blue,290.0,November,2023
307,Galactic Drift,Cosmic Voyage,610.0,February,2021
308,Echo Valley,Whispers in the Wind,340.0,October,2023
309,Neon Pulse,Electric Skyline,500.0,December,2022
310,Midnight Train,Railroad Dreams,390.0,January,2023
311,Crystal Silence,Fragile Echoes,480.0,August,2021
312,Crimson Skyline,Red Horizons,360.0,June,2023
313,Digital Mirage,Virtual Realms,540.0,March,2022
314,Oceanic Drift,Tides of Time,270.0,September,2023
315,Urban Echoes,Concrete Dreams,430.0,April,2021
316,Spectral Visions,Phantom Notes,320.0,July,2023
317,Electric Reverie,Voltage Dreams,490.0,November,2022
318,Celestial Drift,Starlight Symphony,510.0,October,2021
319,Midnight Echoes,Shadowplay,380.0,December,2023
320,Quantum Echo,Fractal Dreams,460.0,January,2022
321,Crimson Pulse,Red Noise,350.0,February,2023
322,Neon Horizon,Electric Skies,470.0,August,2021
323,Urban Pulse,City Beats,295.0,May,2022
324,Echoes of Time,Temporal Reveries,310.0,September,2023
325,The Midnight Echoes,Electric Dreams,1200.0,January,2023
326,Soul Revival Band,Retro Vibes,950.0,February,2023
327,Urban Pulse,City Beats,1500.0,March,2023
328,Crystal Harmony,Celestial Tunes,800.0,April,2023
329,Neon Shadows,Dark Reverie,1700.0,May,2023
330,Echoes of Time,Historic Melodies,650.0,June,2023
331,Rhythm Sphere,Sound Waves,2100.0,July,2023
332,Midnight Strings,Nightfall Serenade,780.0,August,2023
333,Solar Flare,Stellar Sounds,1900.0,September,2023
334,Velvet Vowels,Soft Harmonies,1100.0,October,2023
335,Quantum Beats,Digital Echoes,2400.0,November,2023
336,Aurora Strings,Northern Lights,1600.0,December,2023
337,The Midnight Echoes,Electric Dreams,1350.0,January,2024
338,Soul Revival Band,Retro Vibes,1050.0,February,2024
339,Urban Pulse,City Beats,1800.0,March,2024
340,Crystal Harmony,Celestial Tunes,900.0,April,2024
341,Neon Shadows,Dark Reverie,1750.0,May,2024
342,Echoes of Time,Historic Melodies,700.0,June,2024
343,Rhythm Sphere,Sound Waves,2200.0,July,2024
344,Midnight Strings,Nightfall Serenade,850.0,August,2024
345,Solar Flare,Stellar Sounds,2000.0,September,2024
346,Velvet Vowels,Soft Harmonies,1250.0,October,2024
347,Quantum Beats,Digital Echoes,2600.0,November,2024
348,Aurora Strings,Northern Lights,1850.0,December,2024
349,The Midnight Echoes,Electric Dreams,1400.0,January,2025
350,The Midnight Echoes,Echoes of the Past,300.0,January,2023
351,Soulful Strings,Harmony in Blue,450.0,February,2023
352,Neon Waves,Synthetic Dreams,280.0,March,2023
353,Urban Beats,City Pulse,520.0,April,2023
354,Rock Rebellion,Electric Storm,610.0,May,2023
355,Melody Makers,Golden Tones,390.0,June,2023
356,Dark Vibes,Shadow Notes,470.0,July,2023
357,Jazz Fusion,Rhythm Revolution,260.0,August,2023
358,Pop Visions,Colorful Worlds,730.0,September,2023
359,Metal Echoes,Iron Symphony,190.0,October,2023
360,Folk Reverie,Woodland Melodies,580.0,November,2023
361,Electronic Pulse,Digital Waves,410.0,December,2023
362,The Midnight Echoes,Echoes of the Future,350.0,January,2024
363,Soulful Strings,Harmony in Red,420.0,February,2024
364,Neon Waves,Synthetic Nights,290.0,March,2024
365,Urban Beats,City Lights,510.0,April,2024
366,Rock Rebellion,Electric Thunder,630.0,May,2024
367,Melody Makers,Golden Echoes,400.0,June,2024
368,Dark Vibes,Shadow Requiem,480.0,July,2024
369,Jazz Fusion,Rhythm Revival,270.0,August,2024
370,Pop Visions,Colorful Dreams,720.0,September,2024
371,Metal Echoes,Iron Shadows,180.0,October,2024
372,Folk Reverie,Woodland Songs,570.0,November,2024
373,Electronic Pulse,Digital Echoes,430.0,December,2024
374,The Midnight Echoes,Echoes of Tomorrow,370.0,January,2025
375,The Midnight Echoes,City Lights,245.0,January,2023
376,Sunny Days,Electric Dreams,189.0,February,2023
377,Nocturnal Vows,Shadow Play,312.0,March,2023
378,Echo Valley,Riverside Serenade,405.0,April,2023
379,Dawn Breakers,Horizon Lines,287.0,May,2023
380,Crimson Tide,Underwater Kingdom,156.0,June,2023
381,Velvet Skies,Celestial Notes,,July,2023
382,Midnight Rain,Stormy Nights,214.0,August,2023
383,Golden Hour,Sunset Memories,450.0,September,2023
384,Silver Lining,Hopeful Skies,198.0,October,2023
385,Blackout,Dark Matter,276.0,November,2023
386,Starlight,Galaxy Quest,345.0,December,2023
387,The Neon Pulse,Laser Lights,178.0,January,2024
388,Echoes of the Past,Vintage Vibes,293.0,February,2024
389,Urban Beats,City Rhythms,415.0,March,2024
390,Crystal Clear,Frozen Waters,367.0,April,2024
391,Midnight Train,Journey Through Time,254.0,May,2024
392,Solar Flare,Cosmic Waves,189.0,June,2024
393,Dusty Strings,Old World Charm,321.0,July,2024
394,Crimson Waves,Oceanic Dreams,248.0,August,2024
395,Golden Dawn,Morning Glory,391.0,September,2024
396,Silver Moon,Nightfall Symphony,286.0,October,2024
397,Electric Sky,Sky High,195.0,November,2024
398,Mystic Veil,Enchanted Forests,374.0,December,2024
399,Urban Echoes,Concrete Dreams,265.0,January,2025
400,The Echoes,Electric Reverie,340.0,January,2023
401,Neon Vowels,Midnight Vibes,285.0,February,2023
402,Synthwave Collective,Urban Pulse,410.0,March,2023
403,The Echoes,Solar Flares,190.0,April,2023
404,Neon Vowels,Dawn Chorus,375.0,May,2023
405,Synthwave Collective,Retro Waves,260.0,June,2023
406,Urban Groove,City Beats,450.0,July,2023
407,Digital Dreams,Cyber Hymns,180.0,August,2023
408,The Echoes,Galaxy Drift,320.0,September,2023
409,Neon Vowels,Quantum Echoes,295.0,October,2023
410,Synthwave Collective,Neon Dreams,400.0,November,2023
411,Urban Groove,Streetlight Rhythms,175.0,December,2023
412,Digital Dreams,Binary Echoes,310.0,January,2024
413,The Echoes,Aurora Sky,250.0,February,2024
414,Neon Vowels,Twilight Tides,390.0,March,2024
415,Synthwave Collective,Cyber Funk,270.0,April,2024
416,Urban Groove,Beat Republic,430.0,May,2024
417,Digital Dreams,Pixel Reverie,160.0,June,2024
418,The Echoes,Cosmic Drift,350.0,July,2024
419,Neon Vowels,Nova Chants,280.0,August,2024
420,Synthwave Collective,Glitch Symphony,330.0,September,2024
421,Urban Groove,Retro Beats,195.0,October,2024
422,Digital Dreams,Data Streams,220.0,November,2024
423,The Echoes,Stellar Pulse,305.0,December,2024
424,Neon Vowels,Quantum Drift,185.0,January,2025
425,The Midnight Echoes,Electric Dreams,245.0,January,2023
426,Synthwave Rebellion,Neon Nights,189.0,February,2023
427,Urban Pulse,City Beats,312.0,March,2023
428,Echo Valley,Mountain Echoes,98.0,April,2023
429,Digital Dreams,Cyberwave,405.0,May,2023
430,The Midnight Echoes,Midnight Vibes,176.0,June,2023
431,Synthwave Rebellion,Echoes of the Future,287.0,July,2023
432,Urban Pulse,Streetlight Rhythms,154.0,August,2023
433,Echo Valley,Forest Whispers,301.0,September,2023
434,Digital Dreams,Pixelated Realms,220.0,October,2023
435,The Midnight Echoes,Dusk and Dawn,198.0,November,2023
436,Synthwave Rebellion,Synthetic Skies,254.0,December,2023
437,Urban Pulse,Retro Future,147.0,January,2024
438,Echo Valley,Valley Reverb,295.0,February,2024
439,Digital Dreams,Quantum Beats,367.0,March,2024
440,The Midnight Echoes,Twilight Memories,182.0,April,2024
441,Synthwave Rebellion,Neon Reverie,239.0,May,2024
442,Urban Pulse,Beat the Clock,165.0,June,2024
443,Echo Valley,Rocky Heights,278.0,July,2024
444,Digital Dreams,Binary Melodies,310.0,August,2024
445,The Midnight Echoes,Stellar Sounds,215.0,September,2024
446,Synthwave Rebellion,Galactic Waves,263.0,October,2024
447,Urban Pulse,City Lights,194.0,November,2024
448,Echo Valley,Forest Harmony,247.0,December,2024
449,Digital Dreams,Cyber Pulse,309.0,January,2025
450,The Midnight Echoes,Neon Dreams,300.0,January,2023
451,Electric Pulse,Echoes of the Future,450.0,February,2023
452,Synthwave Revival,Urban Beats,280.0,March,2023
453,Velvet Groove,Midnight Visions,520.0,April,2023
454,Quantum Echoes,Digital Dreams,610.0,May,2023
455,Stellar Pulse,Cosmic Waves,740.0,June,2023
456,Echoes of the Past,Vintage Vibes,120.0,July,2023
457,Neon Horizon,Electric Sky,890.0,August,2023
458,Dawnwave Collective,Sunrise Rhythms,470.0,September,2023
459,Shadow Groove,Midnight Reverie,650.0,October,2023
460,Crimson Pulse,Red Echoes,980.0,November,2023
461,Luna Strings,Celestial Beats,110.0,December,2023
462,Retro Vibe,Vintage Vibes 2.0,560.0,January,2024
463,Cyber Echoes,Digital Reverie,730.0,February,2024
464,Electric Bloom,Neon Flowers,810.0,March,2024
465,Starlight Fusion,Galaxy Rhythms,390.0,April,2024
466,Echoes of Tomorrow,Future Sounds,1020.0,May,2024
467,Midnight Pulse,Urban Echoes,670.0,June,2024
468,Velvet Synth,Soft Waves,430.0,July,2024
469,Quantum Beats,Digital Dreamscape,950.0,August,2024
470,Nova Groove,Stellar Rhythms,780.0,September,2024
471,Echoes of the Deep,Underwater Vibes,130.0,October,2024
472,Crimson Strings,Red Rhythms,690.0,November,2024
473,Luna Pulse,Celestial Echoes,580.0,December,2024
474,Dawnwave Reborn,Sunrise Revival,810.0,January,2025
475,The Midnight Echoes,Echoes of Tomorrow,350.0,January,2023
476,Electric Dreams,Neon Nights,420.0,February,2023
477,Urban Pulse,City Beats,670.0,March,2024
478,Starlight Rebellion,Galaxy Rising,890.0,April,2023
479,Vortex Sounds,Turbine,510.0,May,2023
480,Synthwave Collective,Digital Dreams,760.0,June,2023
481,Aurora Frost,Northern Lights,480.0,July,2023
482,Rhythm Revolution,Beatwave,920.0,August,2023
483,Midnight Jazz,Nocturne,650.0,September,2023
484,Electric Tide,Waveform,710.0,October,2023
485,Crimson Strings,Red Symphony,590.0,November,2023
486,Dusty Grooves,Vinyl Vibes,430.0,December,2023
487,Soulful Echoes,Harmony Lane,560.0,January,2024
488,Quantum Beats,Particle Motion,810.0,February,2024
489,Crystal Vibes,Luminous,630.0,March,2024
490,Dark Matter,Cosmic Drift,780.0,April,2024
491,Velvet Reverie,Soft Skies,600.0,May,2024
492,Circuit Breakers,Electro Pulse,950.0,June,2024
493,Velvet Underground,Rebel Rhythm,740.0,July,2024
494,Echo Valley,Mountain Echoes,580.0,August,2024
495,Neon Pulse,Lightning Strikes,690.0,September,2024
496,Solar Flares,Stellar Winds,830.0,October,2024
497,Frostbite,Arctic Rhythm,570.0,November,2024
498,Driftwood Sounds,Tidal Drift,620.0,December,2024
499,OCD Records Collective,Label Anthology,1200.0,March,2023
500,The Midnight Echoes,Neon Reverie,280.0,January,2023
501,Synthwave Dreams,Electric Pulse,150.0,February,2023
502,Urban Beats,City Lights,420.0,March,2023
503,Digital Pulse,Quantum Vibes,310.0,April,2023
504,Retro Vibes,Vintage Echoes,190.0,May,2023
505,Neon Strings,Laser Lights,260.0,June,2023
506,Midnight Rhythm,Shadow Tunes,340.0,July,2023
507,Electric Echoes,Voltage Dreams,180.0,August,2023
508,Futuristic Sounds,Cyber Waves,400.0,September,2023
509,Crimson Waves,Blood Moon,270.0,October,2023
510,The Midnight Echoes,Neon Reverie,145.0,November,2023
511,Synthwave Dreams,Electric Pulse,390.0,December,2023
512,Urban Beats,City Lights,210.0,January,2024
513,Digital Pulse,Quantum Vibes,370.0,February,2024
514,Retro Vibes,Vintage Echoes,160.0,March,2024
515,Neon Strings,Laser Lights,290.0,April,2024
516,Midnight Rhythm,Shadow Tunes,315.0,May,2024
517,Electric Echoes,Voltage Dreams,240.0,June,2024
518,Futuristic Sounds,Cyber Waves,195.0,July,2024
519,Crimson Waves,Blood Moon,360.0,August,2024
520,The Midnight Echoes,Neon Reverie,185.0,September,2024
521,Synthwave Dreams,Electric Pulse,230.0,October,2024
522,Urban Beats,City Lights,170.0,November,2024
523,Digital Pulse,Quantum Vibes,325.0,December,2024
524,Retro Vibes,Vintage Echoes,205.0,January,2025
525,The Midnight Echoes,Neon Dreams,3500.0,June,2023
526,Velvet Horizon,Electric Pulse,1800.0,January,2022
527,Stellar Reverie,Galactic Waves,4750.0,March,2023
528,Echoes of the Past,Timeless Melodies,980.0,April,2021
529,Urban Pulse,City Beats,5200.0,July,2023
530,Celestial Strings,Starlight Serenade,2400.0,September,2022
531,The Analog Band,Vintage Vibes,3100.0,November,2023
532,Digital Reverie,Synth Dreams,4200.0,February,2023
533,Oceanic Rhythms,Tides of Sound,1500.0,December,2021
534,Midnight Strings,Nocturnal Echoes,6700.0,May,2023
535,Radiant Vibes,Solar Flares,2950.0,August,2022
536,The Echo Collective,Resonance,3800.0,October,2023
537,Crimson Horizon,Red Sky,4100.0,January,2023
538,Urban Echoes,Concrete Beats,5600.0,April,2023
539,Celestial Waves,Cosmic Harmony,2800.0,June,2021
540,The Neon Collective,Luminous Nights,4900.0,September,2023
541,Mystic Strings,Enchanted Melodies,1750.0,December,2022
542,Digital Dreams,Pixel Pulse,3400.0,March,2023
543,Oceanic Echoes,Deep Currents,6100.0,July,2022
544,Velvet Strings,Soft Reveries,2300.0,February,2023
545,Stellar Beats,Cosmic Rhythms,5400.0,November,2023
546,Midnight Pulse,Nocturnal Beats,3900.0,October,2021
547,Urban Strings,City Melodies,4500.0,August,2023
548,Crimson Echoes,Red Reveries,2600.0,May,2022
549,The Analog Echoes,Vintage Beats,3700.0,April,2023
550,The Midnight Echoes,Electric Vibes,245.0,January,2023
551,Synthwave Dreams,Neon Hues,189.0,February,2023
552,Urban Beats Collective,City Pulse,312.0,March,2023
553,Echoes of Tomorrow,Galaxy Sounds,450.0,April,2023
554,Driftwood Band,Coastal Rhythms,198.0,May,2023
555,Vortex Strings,Orbital Motion,275.0,June,2023
556,Pixel Punk,Binary Beats,390.0,July,2023
557,Crimson Skies,Aerodynamic Dreams,215.0,August,2023
558,Mellow Groove,Smooth Strings,420.0,September,2023
559,Quantum Vibes,Spacetime Echoes,150.0,October,2023
560,Desert Rhythm,Sandstorm Sounds,360.0,November,2023
561,Frostbite Records,Winter Melodies,285.0,December,2023
562,The Midnight Echoes,Electric Vibes,170.0,January,2024
563,Synthwave Dreams,Neon Hues,305.0,February,2024
564,Urban Beats Collective,City Pulse,298.0,March,2024
565,Echoes of Tomorrow,Galaxy Sounds,165.0,April,2024
566,Driftwood Band,Coastal Rhythms,230.0,May,2024
567,Vortex Strings,Orbital Motion,410.0,June,2024
568,Pixel Punk,Binary Beats,350.0,July,2024
569,Crimson Skies,Aerodynamic Dreams,190.0,August,2024
570,Mellow Groove,Smooth Strings,260.0,September,2024
571,Quantum Vibes,Spacetime Echoes,320.0,October,2024
572,Desert Rhythm,Sandstorm Sounds,180.0,November,2024
573,Frostbite Records,Winter Melodies,250.0,December,2024
574,Retro Revival,Vintage Grooves,280.0,March,2022
575,The Midnight Echoes,Electric Dreams,300.0,January,2023
576,Velvet Vortex,Neon Nights,450.0,February,2023
577,Synthwave Soul,Echoes of the Past,280.0,March,2023
578,Stellar Pulse,Galaxy Rising,520.0,April,2023
579,Urban Groove,City Beats,370.0,May,2023
580,Driftwood Dreams,Coastal Reverie,190.0,June,2023
581,Chrome Horizon,Solar Flares,480.0,July,2023
582,Midnight Strings,Lullaby in the Dark,260.0,August,2023
583,Crimson Tide,Deep Blue,390.0,September,2023
584,Electric Phoenix,Rise and Shine,410.0,October,2023
585,Foggy Peaks,Mountain Echoes,240.0,November,2023
586,Crystal Vortex,Celestial Drift,500.0,December,2023
587,The Midnight Echoes,Electric Dreams,310.0,January,2024
588,Velvet Vortex,Neon Nights,460.0,February,2024
589,Synthwave Soul,Echoes of the Past,290.0,March,2024
590,Stellar Pulse,Galaxy Rising,530.0,April,2024
591,Urban Groove,City Beats,380.0,May,2024
592,Driftwood Dreams,Coastal Reverie,195.0,June,2024
593,Chrome Horizon,Solar Flares,470.0,July,2024
594,Midnight Strings,Lullaby in the Dark,270.0,August,2024
595,Crimson Tide,Deep Blue,395.0,September,2024
596,Electric Phoenix,Rise and Shine,415.0,October,2024
597,Foggy Peaks,Mountain Echoes,250.0,November,2024
598,Crystal Vortex,Celestial Drift,510.0,December,2024
599,The Midnight Echoes,Electric Dreams,320.0,January,2025
600,The Echoes,Neon Dreams,1800.0,January,2023
601,Vortex,Electric Pulse,950.0,February,2023
602,Pixel Waves,Digital Symphony,2400.0,March,2023
603,Stellar Beats,Cosmic Vibes,1500.0,April,2023
604,Urban Groove,Streetlight Rhythms,780.0,May,2023
605,Midnight Reverie,Twilight Echoes,1950.0,June,2023
606,Quantum Pulse,Frequency Shift,3200.0,July,2023
607,Crimson Strings,Red Notes,1100.0,August,2023
608,Echo Valley,Mountain Resonance,2750.0,September,2023
609,Nebula Sounds,Galactic Drift,680.0,October,2023
610,Driftwood Band,Waves of Time,1420.0,November,2023
611,Solar Flares,Starlight Surge,2900.0,December,2023
612,Frostbite Collective,Winter Echoes,1650.0,January,2023
613,Sonic Mirage,Mirage Beats,890.0,February,2023
614,Retro Vibes,Vintage Grooves,2100.0,March,2023
615,Urban Pulse,City Beats,1350.0,April,2023
616,Quantum Echoes,Parallel Realms,2600.0,May,2023
617,Nova Strings,Celestial Strings,1980.0,June,2023
618,Crimson Echoes,Red Reverie,1540.0,July,2023
619,Midnight Drift,Nocturnal Waves,970.0,August,2023
620,Solaris Band,Sunlight Symphony,2850.0,September,2023
621,Frostfire Collective,Frozen Flames,1760.0,October,2023
622,Echo Sphere,Resonant Realms,2450.0,November,2023
623,Nebula Beats,Galaxy Grooves,1890.0,December,2023
624,Quantum Drift,Spacetime Echoes,3100.0,March,2023
625,The Midnight Echoes,Electric Dreams,345.0,January,2022
626,Synthwave Revival,Neon Nights,289.0,February,2022
627,Digital Dreams,Cyber Pulse,412.0,March,2022
628,Neon Pulse,Laser Light,378.0,April,2022
629,Echo Valley,Soundscapes,256.0,May,2022
630,Rhythm Rebels,Beat Vortex,401.0,June,2022
631,Bassline Kings,Deep Frequencies,327.0,July,2022
632,Cosmic Waves,Galactic Sounds,298.0,August,2022
633,Urban Groove,City Beats,,September,2022
634,Analog Soul,Vintage Vibes,315.0,October,2022
635,The Midnight Echoes,Electric Dreams,402.0,November,2022
636,Synthwave Revival,Neon Nights,389.0,December,2022
637,Digital Dreams,Cyber Pulse,456.0,January,2023
638,Neon Pulse,Laser Light,397.0,February,2023
639,Echo Valley,Soundscapes,284.0,March,2023
640,Rhythm Rebels,Beat Vortex,419.0,April,2023
641,Bassline Kings,Deep Frequencies,358.0,May,2023
642,Cosmic Waves,Galactic Sounds,312.0,June,2023
643,Urban Groove,City Beats,405.0,July,2023
644,Analog Soul,Vintage Vibes,376.0,August,2023
645,The Midnight Echoes,Electric Dreams,421.0,September,2023
646,Synthwave Revival,Neon Nights,394.0,October,2023
647,Digital Dreams,Cyber Pulse,438.0,November,2023
648,Neon Pulse,Laser Light,367.0,December,2023
649,Echo Valley,Soundscapes,291.0,January,2024
650,The Midnight Echoes,Neon Dreams,3000.0,January,2023
651,Electric Dreams,Synthwave Visions,4500.0,February,2023
652,Soulful Strings,Melody of the Soul,1800.0,March,2023
653,Driftwood Band,Waves of Time,2750.0,April,2023
654,Urban Pulse,City Beats,4100.0,May,2023
655,The Midnight Echoes,Echoes of Tomorrow,2900.0,June,2023
656,Electric Dreams,Nightfall Reverie,3600.0,July,2023
657,Soulful Strings,Strings of Passion,1500.0,August,2023
658,Driftwood Band,Tides of Change,3400.0,September,2023
659,Urban Pulse,Rhythm of the Streets,5200.0,October,2023
660,The Midnight Echoes,Neon Dreams Revisited,4000.0,November,2023
661,Electric Dreams,Synthwave Memories,3800.0,December,2023
662,Soulful Strings,Melody of the Soul II,2100.0,January,2024
663,Driftwood Band,Waves of Time II,3950.0,February,2024
664,Urban Pulse,City Beats Reimagined,4700.0,March,2024
665,The Midnight Echoes,Echoes of Tomorrow II,3100.0,April,2024
666,Electric Dreams,Nightfall Reverie II,4200.0,May,2024
667,Soulful Strings,Strings of Passion II,1900.0,June,2024
668,Driftwood Band,Tides of Change II,3700.0,July,2024
669,Urban Pulse,Rhythm of the Streets II,5100.0,August,2024
670,The Midnight Echoes,Neon Dreams III,4300.0,September,2024
671,Electric Dreams,Synthwave Memories II,3500.0,October,2024
672,Soulful Strings,Melody of the Soul III,2200.0,November,2024
673,Driftwood Band,Waves of Time III,3650.0,December,2024
674,Urban Pulse,City Beats III,5000.0,January,2025
675,The Midnight Echoes,Echoes of Tomorrow,200.0,May,2023
676,Pixel Beats,Neon Dreams,350.0,June,2023
677,Velvet Strings,Electric Heart,180.0,July,2023
678,Retro Vibes,Vintage Sounds,420.0,August,2023
679,Urban Pulse,City Beats,250.0,September,2023
680,Starlight Band,Galaxy Songs,190.0,October,2023
681,Digital Dreams,Cyber Waves,,November,2023
682,Harmony Lane,Melody Fields,280.0,December,2023
683,Electric Soul,Thunder Rhythms,400.0,January,2024
684,Sunny Skies,Cloudy Days,170.0,February,2024
685,Midnight Funk,Dusk Vibes,330.0,March,2024
686,Crystal Clear,Waterfall Tunes,210.0,April,2024
687,Urban Groove,Street Beats,370.0,May,2024
688,Solar Flare,Space Odyssey,290.0,June,2024
689,Luna Moons,Nightfall Melodies,150.0,July,2024
690,Quantum Beats,Time Loop,390.0,August,2024
691,Ocean Waves,Deep Blue,260.0,September,2024
692,Firelight,Blaze,180.0,October,2024
693,Sky High,Cloudscape,320.0,November,2024
694,Shadow Play,Midnight Tales,240.0,December,2024
695,Golden Hour,Sunset Vibes,195.0,January,2025
696,Crimson Echoes,Red Sky,340.0,February,2025
697,Polar Lights,Arctic Dreams,270.0,March,2025
698,Solar Winds,Stellar Pulse,160.0,April,2025
699,Echo Valley,Mountain Songs,300.0,May,2025
700,The Midnight Echoes,Sonic Vibes,180.0,January,2023
701,Electric Dreams,Neon Nights,245.0,February,2023
702,Neon Waves,Rhythm Revolution,310.0,March,2023
703,Shadow Beats,Electric Dreams,150.0,April,2023
704,Rhythm Republic,Pulse and Motion,280.0,May,2023
705,Sonic Drift,Shadow Play,210.0,June,2023
706,Pulse Makers,Starlight Symphony,195.0,July,2023
707,Echo Valley,Velvet Underground,260.0,August,2023
708,Urban Groove,Thunder Clap,300.0,September,2023
709,Starlight Sounds,Crystal Vibes,175.0,October,2023
710,Velvet Notes,Digital Echo,290.0,November,2023
711,Gravity Falls,Midnight City,140.0,December,2023
712,Midnight Train,Echoes of Time,220.0,January,2024
713,Crystal Vibes,Skyline Records,165.0,February,2024
714,Thunder Clap,Midnight Reverie,270.0,March,2024
715,Silver Strings,Neon Horizon,190.0,April,2024
716,Digital Echo,Rhythm Republic,250.0,May,2024
717,Midnight City,Velvet Notes,185.0,June,2024
718,Dreamweaver,Shadow Beats,230.0,July,2024
719,Midnight Pulse,Electric Dreams,170.0,August,2024
720,Skyline Records,Pulse Makers,240.0,September,2024
721,Neon Horizon,Sonic Drift,155.0,October,2024
722,Echoes of Time,Urban Groove,265.0,November,2024
723,Midnight Reverie,Crystal Vibes,195.0,December,2024
724,OCD Records,Label Anniversary,300.0,May,2023
725,The Midnight Echoes,Electric Dreams,300.0,March,2023
726,Synthwave Rebellion,Neon Nights,450.0,April,2023
727,Urban Pulse,City Beats,280.0,May,2023
728,Echoes of Tomorrow,Galaxy Frequencies,150.0,June,2023
729,Driftwood Band,Coastal Vibes,400.0,July,2023
730,Crimson Strings,Red Notes,320.0,August,2023
731,Pixel Dreams,Digital Reverie,500.0,September,2023
732,Velvet Echoes,Soft Waves,,October,2023
733,Quantum Beats,Time Loop,600.0,November,2023
734,Midnight Choir,Starlight Serenade,350.0,December,2023
735,Sonic Horizon,Sky High,420.0,January,2024
736,Electric Tide,Oceanic Rhythms,380.0,February,2024
737,Shadow Notes,Dark Reverie,290.0,March,2024
738,Crystal Vibes,Frosty Melodies,510.0,April,2024
739,Retro Pulse,Vintage Grooves,370.0,May,2024
740,Crimson Skies,Skybound,480.0,June,2024
741,Urban Echoes,City Pulse,310.0,July,2024
742,Neon Strings,Lightning Notes,550.0,August,2024
743,Dune Symphony,Desert Soundscape,260.0,September,2024
744,Echoes of the Past,Vintage Vibes,390.0,October,2024
745,Lunar Beats,Moonlit Rhythms,430.0,November,2024
746,Quantum Pulse,Timeless Echoes,520.0,December,2024
747,Urban Drift,City Drives,340.0,January,2025
748,Cerulean Strings,Azure Melodies,410.0,February,2025
749,Solar Beats,Sunset Rhythms,360.0,March,2025
750,The Midnight Echoes,Neon Dreams,245.0,January,2023
751,Velvet Vowels,Echoes of the Past,189.0,February,2023
752,Stellar Pulse,Galactic Tides,312.0,March,2023
753,Urban Reverie,City Lights,278.0,April,2023
754,Crimson Tide,Oceanic Rhythms,,May,2023
755,Synthwave Dreams,Digital Reverie,402.0,June,2023
756,Shadow Grove,Forest Whispers,198.0,July,2023
757,Electric Bloom,Radiant Futures,354.0,August,2023
758,Desert Echoes,Winds of Dune,221.0,September,2023
759,Celestial Strings,Starlight Serenade,287.0,October,2023
760,Nocturnal Vibes,Midnight Pulse,165.0,November,2023
761,Crystal Harmony,Frozen Melodies,391.0,December,2023
762,Urban Groove,City Beats,264.0,January,2024
763,Electric Storm,Thunderous Vibes,178.0,February,2024
764,Space Cadet,Cosmic Voyage,329.0,March,2024
765,Retro Waves,Vintage Sounds,215.0,April,2024
766,Midnight Symphony,Nightfall Melodies,183.0,May,2024
767,Crimson Sky,Horizon Lines,412.0,June,2024
768,Crystal Visions,Luminous Dreams,256.0,July,2024
769,Desert Bloom,Sandy Serenades,194.0,August,2024
770,Oceanic Rhythms,Tide Chants,308.0,September,2024
771,Urban Pulse,Concrete Beats,237.0,October,2024
772,Shadow Play,Dusk Reveries,169.0,November,2024
773,Electric Dreams,Neon Nights,385.0,December,2024
774,Celestial Echoes,Starlit Moments,291.0,January,2025
775,The Midnight Echoes,Echoes of the Past,450.0,January,2023
776,Synthwave Revival,Neon Dreams EP,780.0,February,2023
777,Ethereal Vibes,Celestial Waves,320.0,March,2023
778,Urban Pulse,City Lights,610.0,April,2023
779,Acoustic Haven,Forest Melodies,540.0,May,2023
780,Digital Beats,Cyber Funk,890.0,June,2023
781,Rock Revival,Reborn,470.0,July,2023
782,Pop Sensation,Golden Hits,920.0,August,2023
783,Jazz Collective,Midnight Jazz,380.0,September,2023
784,Electronic Dreams,Electric Pulse,750.0,October,2023
785,Folk Revival,Whispers of the Earth,410.0,November,2023
786,Metal Masters,Thunder Era,630.0,December,2023
787,The Midnight Echoes,Echoes of the Past,580.0,January,2022
788,Synthwave Revival,Neon Dreams EP,710.0,February,2022
789,Ethereal Vibes,Celestial Waves,490.0,March,2022
790,Urban Pulse,City Lights,650.0,April,2022
791,Acoustic Haven,Forest Melodies,510.0,May,2022
792,Digital Beats,Cyber Funk,870.0,June,2022
793,Rock Revival,Reborn,430.0,July,2022
794,Pop Sensation,Golden Hits,910.0,August,2022
795,Jazz Collective,Midnight Jazz,360.0,September,2022
796,Electronic Dreams,Electric Pulse,790.0,October,2022
797,Folk Revival,Whispers of the Earth,450.0,November,2022
798,Metal Masters,Thunder Era,670.0,December,2022
799,The Midnight Echoes,Echoes of the Past,620.0,January,2021
800,The Echoes,Neon Reverie,750.0,June,2023
801,Synthwave Collective,Electric Dreams,450.0,March,2023
802,Velvet Vowels,Soulful Vibes,680.0,September,2023
803,Driftwood Band,Waves of Change,320.0,January,2023
804,Pixel Pulse,Digital Horizons,910.0,November,2023
805,Midnight Grooves,Echoes of the Night,540.0,April,2023
806,Starlight Strings,Celestial Melodies,890.0,July,2023
807,Urban Beats,City Rhythm,470.0,February,2023
808,Frostfire,Winter's Edge,610.0,December,2023
809,Crimson Sky,Horizon Lines,730.0,October,2023
810,Lunar Whispers,Moonlit Tides,590.0,August,2023
811,Eclipse Syndicate,Shadow Play,860.0,May,2023
812,Golden Horizon,Sunset Sonnets,410.0,March,2023
813,Nebula Nocturne,Galactic Drift,650.0,January,2023
814,Thunderclap,Storm Surge,940.0,June,2023
815,Crystal Dawn,Morning Light,570.0,April,2023
816,Quantum Echoes,Parallel Realms,820.0,September,2023
817,Sonic Mirage,Mirage Beats,760.0,July,2023
818,Coral Reefs,Underwater Symphony,490.0,February,2023
819,Aurora Borealis,Northern Lights,630.0,October,2023
820,Echo Valley,Mountain Echoes,580.0,December,2023
821,Solar Flares,Cosmic Sparks,710.0,November,2023
822,Midnight Drift,Nocturnal Drifts,690.0,August,2023
823,Stellar Pulse,Galactic Pulse,840.0,May,2023
824,Crimson Tide,Tidal Waves,520.0,April,2023
825,The Midnight Echoes,Neon Hues,150.0,January,2023
826,Electric Dreams,Echoes of the Past,220.0,February,2023
827,Soulful Strings,Strings in the Night,180.0,March,2023
828,Urban Beats Collective,City Pulse,300.0,April,2023
829,Vortex Rock,Turbine,250.0,May,2023
830,Luna Rising,Stellar Dreams,190.0,June,2023
831,Driftwood Band,Waves of Time,210.0,July,2023
832,Cyber Pulse,Digital Reverie,,August,2023
833,Midnight Fables,Whispers in the Dark,170.0,September,2023
834,Electric Jazz,Groove Theory,240.0,October,2023
835,Solar Flares,Cosmic Waves,260.0,November,2023
836,Retro Vibes,Vintage Sounds,140.0,December,2023
837,The Midnight Echoes,Neon Hues,160.0,January,2022
838,Electric Dreams,Echoes of the Past,230.0,February,2022
839,Soulful Strings,Strings in the Night,195.0,March,2022
840,Urban Beats Collective,City Pulse,310.0,April,2022
841,Vortex Rock,Turbine,270.0,May,2022
842,Luna Rising,Stellar Dreams,215.0,June,2022
843,Driftwood Band,Waves of Time,225.0,July,2022
844,Cyber Pulse,Digital Reverie,290.0,August,2022
845,Midnight Fables,Whispers in the Dark,185.0,September,2022
846,Electric Jazz,Groove Theory,260.0,October,2022
847,Solar Flares,Cosmic Waves,285.0,November,2022
848,Retro Vibes,Vintage Sounds,155.0,December,2022
849,The Midnight Echoes,Neon Hues,175.0,January,2024
850,The Midnight Echoes,Neon Dreams,300.0,January,2023
851,Synthwave Dreams,Cyber Beats,450.0,February,2023
852,Electric Pulse,Urban Groove,280.0,March,2023
853,Echo Valley,Dawn Tones,190.0,April,2023
854,Retro Vibes,Golden Era,,May,2023
855,Neon Sparks,Electric Sky,410.0,June,2023
856,Urban Beats,City Pulse,270.0,July,2023
857,Driftwood,Ocean Waves,180.0,August,2023
858,Starlight,Cosmic Sounds,320.0,September,2023
859,Shadow Echoes,Midnight Rhythms,400.0,October,2023
860,Velvet Strings,Soft Melodies,250.0,November,2023
861,Pixel Fusion,Digital Dreams,380.0,December,2023
862,The Midnight Echoes,Neon Dreams,310.0,January,2024
863,Synthwave Dreams,Cyber Beats,470.0,February,2024
864,Electric Pulse,Urban Groove,290.0,March,2024
865,Echo Valley,Dawn Tones,185.0,April,2024
866,Retro Vibes,Golden Era,360.0,May,2024
867,Neon Sparks,Electric Sky,420.0,June,2024
868,Urban Beats,City Pulse,275.0,July,2024
869,Driftwood,Ocean Waves,195.0,August,2024
870,Starlight,Cosmic Sounds,330.0,September,2024
871,Shadow Echoes,Midnight Rhythms,410.0,October,2024
872,Velvet Strings,Soft Melodies,260.0,November,2024
873,Pixel Fusion,Digital Dreams,390.0,December,2024
874,The Midnight Echoes,Echoes of Tomorrow,300.0,January,2023
875,Eclipse Harmony,Celestial Beats,450.0,February,2023
876,Neon Pulse,Electric Dreams,280.0,March,2023
877,Solstice Strings,Golden Horizons,150.0,April,2023
878,Urban Echo,City Rhythms,400.0,May,2023
879,Celestial Waves,Oceanic Serenade,220.0,June,2023
880,Synthwave Revival,Neon Nights,500.0,July,2023
881,Folklore Haven,Whispers of the Forest,180.0,August,2023
882,Retro Vibes,Vintage Grooves,350.0,September,2023
883,Driftwood Dreams,Horizon Lines,240.0,October,2023
884,Cyber Pulse,Digital Reverie,420.0,November,2023
885,Aurora Falls,Northern Lights,190.0,December,2023
886,The Midnight Echoes,Echoes of the Past,320.0,January,2024
887,Eclipse Harmony,Celestial Reborn,410.0,February,2024
888,Neon Pulse,Electric Reverie,270.0,March,2024
889,Solstice Strings,Golden Memories,160.0,April,2024
890,Urban Echo,City Reverberations,390.0,May,2024
891,Celestial Waves,Oceanic Memories,210.0,June,2024
892,Synthwave Revival,Neon Echoes,490.0,July,2024
893,Folklore Haven,Whispers of Time,170.0,August,2024
894,Retro Vibes,Vintage Revival,360.0,September,2024
895,Driftwood Dreams,Horizon Reflections,250.0,October,2024
896,Cyber Pulse,Digital Memories,430.0,November,2024
897,Aurora Falls,Northern Reveries,195.0,December,2024
898,The Midnight Echoes,Echoes of the Future,310.0,January,2025
899,The Midnight Echoes,Electric Dreams,340.0,January,2023
900,Solar Flare,Neon Nights,510.0,February,2023
901,Urban Pulse,Sound Waves,280.0,March,2023
902,Velvet Reverie,Echoes of Tomorrow,450.0,April,2023
903,Stellar Horizon,Galactic Beats,670.0,May,2023
904,The Echoes,Midnight Vibes,190.0,June,2023
905,Neon Dreams,Electric Soul,720.0,July,2023
906,Crimson Tide,Oceanic Rhythms,310.0,August,2023
907,Phoenix Flame,Skyward Flight,490.0,September,2023
908,Shadow Valley,Dark Reverie,580.0,October,2023
909,Quantum Echo,Timeless Beats,260.0,November,2023
910,Midnight Riders,Starlight Highway,630.0,December,2023
911,The Neon Wave,City Lights,410.0,January,2023
912,Crystal Sky,Fading Stars,380.0,February,2023
913,Dawnbreaker,Sunrise Reverie,540.0,March,2023
914,Dark Matter,Cosmic Drift,290.0,April,2023
915,Synthwave Kings,Digital Pulse,610.0,May,2023
916,Velvet Shadows,Eclipse Dreams,470.0,June,2023
917,Rhythm Storm,Tempest Beats,590.0,July,2023
918,Echoes of Time,Temporal Melodies,350.0,August,2023
919,Lunar Lullaby,Moonlit Echoes,440.0,September,2023
920,Electric Mirage,Digital Dreams,650.0,October,2023
921,Sonic Horizon,Horizon Rhythms,270.0,November,2023
922,Quantum Echoes,Fractal Beats,560.0,December,2023
923,Solar Winds,Stellar Drift,480.0,January,2023
924,The Midnight Echoes,Neon Dreams,1200.0,January,2023
925,Echoes of the Past,Timeless Melodies,850.0,February,2023
926,Neon Waves,Electric Sky,1500.0,March,2023
927,Silent Symphony,Whispers of the Moon,980.0,April,2023
928,Urban Beats,City Pulse,2100.0,May,2023
929,Starlight Reverie,Galactic Tides,670.0,June,2023
930,Rhythm Republic,Syncopated Vibes,1850.0,July,2023
931,Sapphire Dreams,Crimson Skies,790.0,August,2023
932,Electric Pulse,Voltage Dreams,2400.0,September,2023
933,Midnight Stars,Twilight Reverie,1150.0,October,2023
934,Golden Groove,Sunset Serenade,920.0,November,2023
935,Velvet Voices,Velvet Nights,1300.0,December,2023
936,Crystal Harmony,Frosted Echoes,890.0,January,2024
937,Thunderclap,Stormfront Riffs,1750.0,February,2024
938,Deep Blue Sounds,Oceanic Drift,1020.0,March,2024
939,Lunar Vibes,Moonlit Reverie,760.0,April,2024
940,Jazz Fusion,Urban Jazz,2300.0,May,2024
941,Rock Legends,Legacy Riffs,1980.0,June,2024
942,Indie Echo,Tapestry of Sound,1250.0,July,2024
943,Pop Vibe,Radiant Vibes,3200.0,August,2024
944,Smooth Jazz,Velvet Grooves,1500.0,September,2024
945,Country Tunes,Hilltop Harmony,970.0,October,2024
946,Hip Hop Haven,Beat Odyssey,2850.0,November,2024
947,Electronic Dreams,Neon Pulse,1670.0,December,2024
948,Electric Pulse,Voltage Dreams,2400.0,January,2025
949,The Midnight Echoes,Electric Vibes,345.0,January,2023
950,Synthwave Dreams,Neon Nights,289.0,February,2023
951,Neon Groove,Digital Pulse,410.0,March,2023
952,Electric Pulse,Retro Waves,198.0,April,2023
953,Rhythm Republic,Urban Beats,500.0,May,2023
954,Bassline Nation,Deep Frequencies,312.0,June,2023
955,Sound Horizon,Celestial Sounds,257.0,July,2023
956,Melody Makers,Harmonic Fusion,401.0,August,2023
957,Beat Factory,Synthwave Revival,278.0,September,2023
958,Vibez Wave,Echoes of Tomorrow,394.0,October,2023
959,The Midnight Echoes,Cosmic Rhythms,189.0,November,2023
960,Synthwave Dreams,Cyber Nights,456.0,December,2023
961,Neon Groove,Pixel Waves,215.0,January,2024
962,Electric Pulse,Quantum Beats,387.0,February,2024
963,Rhythm Republic,City Grooves,520.0,March,2024
964,Bassline Nation,Subsonic Vibes,298.0,April,2024
965,Sound Horizon,Galactic Drift,365.0,May,2024
966,Melody Makers,Harmony Echoes,412.0,June,2024
967,Beat Factory,Retro Synth,234.0,July,2024
968,Vibez Wave,Digital Dreams,178.0,August,2024
969,The Midnight Echoes,Solar Flares,305.0,September,2024
970,Synthwave Dreams,Neon Echoes,478.0,October,2024
971,Neon Groove,Cyber Beats,265.0,November,2024
972,Electric Pulse,Quantum Echoes,320.0,December,2024
973,Rhythm Republic,Urban Reverie,195.0,January,2022
974,The Midnight Echoes,Echoes of the Past,340.0,January,2023
975,Electric Dreams,Neon Skies,285.0,February,2023
976,Soulful Strings,Harmony Lane,190.0,March,2023
977,Urban Pulse,City Beats,410.0,April,2023
978,Crystal Vibes,Luminous Waves,250.0,May,2023
979,Retro Rhythms,Vintage Grooves,310.0,June,2023
980,Oceanic Sounds,Tides of Blue,180.0,July,2023
981,Shadow Notes,Nocturnal Vibes,450.0,August,2023
982,Solar Flares,Celestial Fire,290.0,September,2023
983,Desert Drifters,Winds of Sand,370.0,October,2023
984,Quantum Beats,Timeless Rhythms,150.0,November,2023
985,Frostbite Echoes,Winter Whispers,220.0,December,2023
986,Electric Dreams,Neon Skies,390.0,January,2024
987,Soulful Strings,Harmony Lane,260.0,February,2024
988,Urban Pulse,City Beats,430.0,March,2024
989,Crystal Vibes,Luminous Waves,170.0,April,2024
990,Retro Rhythms,Vintage Grooves,320.0,May,2024
991,Oceanic Sounds,Tides of Blue,195.0,June,2024
992,Shadow Notes,Nocturnal Vibes,470.0,July,2024
993,Solar Flares,Celestial Fire,280.0,August,2024
994,Desert Drifters,Winds of Sand,360.0,September,2024
995,Quantum Beats,Timeless Rhythms,160.0,October,2024
996,Frostbite Echoes,Winter Whispers,230.0,November,2024
997,The Midnight Echoes,Echoes of the Past,315.0,December,2024
998,Electric Dreams,Neon Skies,400.0,January,2025
